{"description": {"env_name": "Harvest4-v0", "alg_name": "sjirp", "reward_flip_p": 0.2, "alg_noise_epsilon": 0.4, "alg_noise_delta": 0.5, "total_timesteps": 25000, "slip_prob": 0.0}, "step_rewards": [[1631364545.3604267, 100, -36.77638839325709], [1631364545.3779705, 200, -35.6448595114051], [1631364545.3955302, 300, -35.795462471230096], [1631364545.4128778, 400, -36.59087231133907], [1631364545.4301429, 500, -37.03339404996624], [1631364545.4474275, 600, -37.46824799252752], [1631364545.4646218, 700, -36.57974872385956], [1631364545.4818249, 800, -36.04894276239099], [1631364545.4990983, 900, -35.50213107947225], [1631364545.518346, 1000, -34.990490818759675], [1631364546.9326904, 1100, -34.31414526770016], [1631364546.9635959, 1200, -33.5199422564464], [1631364546.9944675, 1300, -33.153317514733736], [1631364547.025317, 1400, -33.33930540338255], [1631364547.0560887, 1500, -32.704033388542264], [1631364547.0868056, 1600, -32.55366340256856], [1631364547.1175618, 1700, -32.08850310391909], [1631364547.148321, 1800, -31.6817122604073], [1631364547.179176, 1900, -31.336009297194483], [1631364547.210072, 2000, -31.11750143707818], [1631364551.2323656, 2100, -30.847762293942406], [1631364551.275886, 2200, -29.771591007675497], [1631364551.3174713, 2300, -28.642779311377797], [1631364551.358837, 2400, -28.13326187126139], [1631364551.4002216, 2500, -27.517140107739113], [1631364551.441597, 2600, -26.874374309905196], [1631364551.483017, 2700, -26.40029259924247], [1631364551.5245523, 2800, -25.951527117518193], [1631364551.5685148, 2900, -25.419862011725048], [1631364551.6122339, 3000, -24.99007397333159], [1631364560.1482382, 3100, -24.367372429380886], [1631364560.1832845, 3200, -23.24918582013167], [1631364560.2025456, 3300, -22.269448639307324], [1631364560.2217839, 3400, -21.239879576881297], [1631364560.2408712, 3500, -20.225042395827494], [1631364560.2601624, 3600, -19.326968149407275], [1631364560.2794547, 3700, -18.50624847163626], [1631364560.2985432, 3800, -17.680252950774342], [1631364560.317728, 3900, -17.072235647844714], [1631364560.336949, 4000, -16.463537819415855], [1631364565.712158, 4100, -15.955105493024647], [1631364565.7478774, 4200, -15.491528648330677], [1631364565.7996924, 4300, -15.014236590647432], [1631364565.8828728, 4400, -14.42662020468043], [1631364565.9021943, 4500, -13.816228610280053], [1631364565.9214773, 4600, -13.334569010039074], [1631364566.0079508, 4700, -12.906349169264908], [1631364566.0438318, 4800, -12.520822466634993], [1631364566.0854874, 4900, -11.99870021558791], [1631364566.1048846, 5000, -11.52228926750307], [1631364580.6966195, 5100, -10.802570517482163], [1631364580.716842, 5200, -9.919695660254538], [1631364580.7367806, 5300, -9.042713811518425], [1631364580.756744, 5400, -8.110589808582244], [1631364580.7767808, 5500, -7.1592470702045725], [1631364580.8720632, 5600, -6.101568437154815], [1631364580.9685585, 5700, -5.304054866464559], [1631364580.989105, 5800, -4.41778801373352], [1631364581.0090494, 5900, -3.5122401111391013], [1631364581.0289502, 6000, -2.6775288719635206], [1631364581.048838, 6100, -1.8867568781783668], [1631364581.0688157, 6200, -1.1688730351371641], [1631364581.169823, 6300, -0.33804594823452994], [1631364581.2134507, 6400, 0.5371222952909478], [1631364581.2333906, 6500, 1.2261117467719291], [1631364581.2834196, 6600, 2.0746016797504754], [1631364581.3875456, 6700, 2.8646116171705125], [1631364581.4074712, 6800, 3.6117725837689174], [1631364581.4474702, 6900, 4.288609343265711], [1631364581.48624, 7000, 4.9204989550149545], [1631364593.2711167, 7100, 5.669877311852116], [1631364593.3402016, 7200, 5.79445788736788], [1631364593.4768772, 7300, 5.954163196836091], [1631364593.4969053, 7400, 6.456341862202623], [1631364593.562897, 7500, 6.446838571088437], [1631364593.603147, 7600, 6.964506943400676], [1631364593.643024, 7700, 7.251528448577027], [1631364593.6829388, 7800, 7.687422988570648], [1631364593.725781, 7900, 7.979506512773733], [1631364593.7969255, 8000, 8.209561063207321], [1631364605.493988, 8100, 8.038252690506283], [1631364605.51385, 8200, 8.056136940201537], [1631364605.533674, 8300, 8.024094299792738], [1631364605.5535424, 8400, 7.974630380133441], [1631364605.5735927, 8500, 7.949134982510799], [1631364605.5935197, 8600, 7.933499628494665], [1631364605.6358051, 8700, 7.799739166029241], [1631364605.6556735, 8800, 7.703872903011577], [1631364605.7852993, 8900, 7.841496918864428], [1631364605.8052282, 9000, 8.071127420425865], [1631364621.9269204, 9100, 7.955720300604086], [1631364621.9466558, 9200, 7.971326131083052], [1631364621.992736, 9300, 7.899630862453714], [1631364622.0343995, 9400, 7.74129801356346], [1631364622.0980833, 9500, 7.486663697665661], [1631364622.117939, 9600, 7.473925227750768], [1631364622.1377137, 9700, 7.583132884565398], [1631364622.1796064, 9800, 7.57128316602329], [1631364622.199418, 9900, 7.432438286979094], [1631364622.244957, 10000, 7.3828060393080195], [1631364639.3957806, 10100, 7.371295708718712], [1631364639.4162648, 10200, 7.412681851906816], [1631364639.4366283, 10300, 7.552552206263457], [1631364639.4567587, 10400, 7.5807416778688435], [1631364639.6072958, 10500, 7.627720583989284], [1631364639.627401, 10600, 7.605102071596654], [1631364639.647636, 10700, 7.61197332593224], [1631364639.6676989, 10800, 7.574882324736641], [1631364639.6878636, 10900, 7.5177177753822875], [1631364639.708007, 11000, 7.565978044189327], [1631364639.728233, 11100, 7.614636634327873], [1631364639.7482896, 11200, 7.679977932232462], [1631364639.7684143, 11300, 7.538113529555613], [1631364639.9300206, 11400, 7.593892753693308], [1631364639.950389, 11500, 7.546857924799223], [1631364639.9705443, 11600, 7.510421469532414], [1631364639.9905734, 11700, 7.404463542099927], [1631364640.010782, 11800, 7.316129415446007], [1631364640.0308464, 11900, 7.367482014763574], [1631364640.0754762, 12000, 7.410192993346845], [1631364655.4502366, 12100, 7.343138339198982], [1631364655.470354, 12200, 7.634725874334931], [1631364655.490538, 12300, 7.731601431302741], [1631364655.5347922, 12400, 7.701326250230403], [1631364655.5741968, 12500, 8.123314576229882], [1631364655.5942373, 12600, 8.046057990491231], [1631364655.6143064, 12700, 8.23711568511094], [1631364655.7802563, 12800, 8.370371988782459], [1631364655.8003502, 12900, 8.519789549358388], [1631364655.8206494, 13000, 8.81191290114098], [1631364668.6036665, 13100, 9.32674146588389], [1631364668.6240964, 13200, 9.305267945809929], [1631364668.644477, 13300, 9.347848978795312], [1631364668.66479, 13400, 9.403277518024884], [1631364668.685011, 13500, 9.426179143351149], [1631364668.7052019, 13600, 9.346466253400184], [1631364668.7255442, 13700, 9.464835546741408], [1631364668.745866, 13800, 9.600980144071972], [1631364668.766211, 13900, 9.51004881096185], [1631364668.78647, 14000, 9.34181431898905], [1631364668.806648, 14100, 9.597485277456327], [1631364668.8269422, 14200, 9.735687950529229], [1631364668.846851, 14300, 9.899013397680012], [1631364668.8670483, 14400, 9.948283269462708], [1631364668.8873727, 14500, 10.124616773901776], [1631364668.9074974, 14600, 10.223492668757478], [1631364668.9276848, 14700, 10.171705233471199], [1631364668.9479227, 14800, 10.28876041807068], [1631364668.9682672, 14900, 10.37810468036716], [1631364668.988393, 15000, 10.452561868112758], [1631364669.008972, 15100, 10.31933927085236], [1631364669.0292954, 15200, 10.240459260427995], [1631364669.0496502, 15300, 10.207915627978078], [1631364669.0697913, 15400, 10.262652176265785], [1631364669.1157584, 15500, 10.129028631254352], [1631364669.1360424, 15600, 10.13329124524369], [1631364669.1563842, 15700, 10.112302857857458], [1631364669.1766753, 15800, 10.17468621036229], [1631364669.196876, 15900, 10.10682656729374], [1631364669.2427087, 16000, 10.069840634295833], [1631364683.850765, 16100, 9.999275923954151], [1631364683.871021, 16200, 9.911260232588074], [1631364683.8913765, 16300, 10.057552581522692], [1631364683.937236, 16400, 